source,slides,filtered,kept_slides,trees,index,filtered_detail
/Users/mac/Desktop/未命名文件夹 2/1/GGN_制冷产品故障树_V1.1.pptx,23,2,21,21,BSH_REF_V1.1_index.md,Slide 1 封面/标题页; Slide 23 版本记录页
/Users/mac/Desktop/未命名文件夹 2/1/GGN_家用小电器(咖啡机)故障树_V1.1.pptx,12,2,10,9,BSH_CM_V1.1_index.md,Slide 1 封面/标题页; Slide 12 版本记录页
/Users/mac/Desktop/未命名文件夹 2/1/GGN_微波烤箱(炉)故障树_V1.0.pptx,14,3,11,10,BSH_MW_V1.0_index.md,Slide 1 封面/标题页; Slide 5 无诊断逻辑页; Slide 14 版本记录页
/Users/mac/Desktop/未命名文件夹 2/1/GGN_暖碟(烹饪)抽屉故障树_V1.0.pptx,8,2,6,5,BSH_WDW_V1.0_index.md,Slide 1 封面/标题页; Slide 8 版本记录页
/Users/mac/Desktop/未命名文件夹 2/1/GGN_洗碗机产品故障树_V1.0.pptx,26,3,23,18,BSH_DW_V1.0_index.md,Slide 1 封面/标题页; Slide 2 无诊断逻辑页; Slide 26 版本记录页
/Users/mac/Desktop/未命名文件夹 2/1/GGN_烟机产品故障树_V1.0.pptx,16,2,14,10,BSH_RH_V1.0_index.md,Slide 1 封面/标题页; Slide 16 版本记录页
/Users/mac/Desktop/未命名文件夹 2/1/GGN_烤箱产品故障树_V1.0.pptx,12,2,10,4,BSH_OVEN_V1.0_index.md,Slide 1 封面/标题页; Slide 12 版本记录页
/Users/mac/Desktop/未命名文件夹 2/1/GGN_燃气灶故障树_V1.0.pptx,22,3,19,14,BSH_HOB_V1.0_index.md,Slide 1 封面/标题页; Slide 14 无诊断逻辑页; Slide 22 版本记录页
/Users/mac/Desktop/未命名文件夹 2/1/GGN_蒸箱故障树_V1.1.pptx,15,2,13,9,BSH_STM_V1.1_index.md,Slide 1 封面/标题页; Slide 15 版本记录页
/Users/mac/Desktop/未命名文件夹 2/新建文件夹/07-吸油烟机故障树_V1.0.pptx,17,2,15,9,BSH_RH2_V1.0_index.md,Slide 1 封面/标题页; Slide 17 版本记录页
/Users/mac/Desktop/未命名文件夹 2/新建文件夹/09-蒸箱故障树_V1.0.pptx,15,2,13,7,BSH_STM2_V1.0_index.md,Slide 1 封面/标题页; Slide 15 无诊断逻辑页
/Users/mac/Desktop/未命名文件夹 2/新建文件夹/1.普通冰箱故障树_V1.0.pptx,23,4,19,18,BSH_FR_V1.0_index.md,Slide 1 封面/标题页; Slide 20 结尾页; Slide 22 版本记录页; Slide 23 无诊断逻辑页
/Users/mac/Desktop/未命名文件夹 2/新建文件夹/10-烤箱故障树_V1.0.pptx,11,2,9,4,BSH_OVEN2_V1.0_index.md,Slide 1 封面/标题页; Slide 11 无诊断逻辑页
/Users/mac/Desktop/未命名文件夹 2/新建文件夹/11-洗碗机故障树_V1.0.pptx,26,3,23,20,BSH_DW2_V1.0_index.md,Slide 1 封面/标题页; Slide 2 无诊断逻辑页; Slide 26 无诊断逻辑页
/Users/mac/Desktop/未命名文件夹 2/新建文件夹/15-微波炉故障树_V1.0.pptx,18,2,16,10,BSH_MW2_V1.0_index.md,Slide 1 封面/标题页; Slide 18 版本记录页
/Users/mac/Desktop/未命名文件夹 2/新建文件夹/16-微蒸烤（三合一）故障树_V_1.0.pptx,13,2,11,11,BSH_CMO_V1.0_index.md,Slide 1 封面/标题页; Slide 13 无诊断逻辑页
/Users/mac/Desktop/未命名文件夹 2/新建文件夹/17-晶御智能咨询故障树.pptx,21,4,17,12,BSH_JY_V1.0_index.md,Slide 1 封面/标题页; Slide 2 无诊断逻辑页; Slide 4 无诊断逻辑页; Slide 21 无诊断逻辑页
/Users/mac/Desktop/未命名文件夹 2/新建文件夹/4.酒柜故障树_V1.0.pptx,14,3,11,11,BSH_WC_V1.0_index.md,Slide 1 封面/标题页; Slide 13 无诊断逻辑页; Slide 14 无诊断逻辑页
/Users/mac/Desktop/未命名文件夹 2/新建文件夹/5.洗衣机、洗干一体机故障树_V1.01.pptx,37,3,34,29,BSH_WD_V1.01_index.md,Slide 1 封面/标题页; Slide 36 版本记录页; Slide 37 无诊断逻辑页
/Users/mac/Desktop/未命名文件夹 2/新建文件夹/6.干衣机故障树_V1.0.pptx,15,3,12,8,BSH_DRY_V1.0_index.md,Slide 1 封面/标题页; Slide 14 版本记录页; Slide 15 无诊断逻辑页
/Users/mac/Desktop/未命名文件夹 2/新建文件夹/Cookit智能烹饪机_1.0.pptx,8,3,5,4,BSH_CKT_V1.0_index.md,Slide 1 封面/标题页; Slide 2 无诊断逻辑页; Slide 8 无诊断逻辑页
/Users/mac/Desktop/未命名文件夹 2/新建文件夹/加热破壁机（已完成）V _1.0.pptx,9,3,6,3,BSH_HB_V1.0_index.md,Slide 1 封面/标题页; Slide 2 无诊断逻辑页; Slide 9 无诊断逻辑页
/Users/mac/Desktop/未命名文件夹 2/新建文件夹/厨师机_V_1.0.pptx,12,2,10,9,BSH_SM_V1.0_index.md,Slide 1 封面/标题页; Slide 12 无诊断逻辑页
/Users/mac/Desktop/未命名文件夹 2/新建文件夹/各产品组安装操作指南-new.pptx,15,0,15,4,BSH_INST_V1.0_index.md,
/Users/mac/Desktop/未命名文件夹 2/新建文件夹/吸尘器 V _1.0.pptx,16,3,13,9,BSH_VC_V1.0_index.md,Slide 1 封面/标题页; Slide 10 无诊断逻辑页; Slide 16 无诊断逻辑页
/Users/mac/Desktop/未命名文件夹 2/新建文件夹/咖啡机 V_1.0.pptx,18,2,16,9,BSH_CM2_V1.0_index.md,Slide 1 封面/标题页; Slide 18 无诊断逻辑页
/Users/mac/Desktop/未命名文件夹 2/新建文件夹/壁挂式洗衣机故障树_V1.0.pptx,35,5,30,28,BSH_WMW_V1.0_index.md,Slide 1 封面/标题页; Slide 2 无诊断逻辑页; Slide 16 无诊断逻辑页; Slide 34 版本记录页; Slide 35 无诊断逻辑页
/Users/mac/Desktop/未命名文件夹 2/新建文件夹/嵌饮机故障树 V_1.00.pptx,16,4,12,12,BSH_BDM_V1.00_index.md,Slide 1 封面/标题页; Slide 2 无诊断逻辑页; Slide 14 无诊断逻辑页; Slide 15 无诊断逻辑页
/Users/mac/Desktop/未命名文件夹 2/新建文件夹/打蛋器（已完成）V _1.0.pptx,10,2,8,3,BSH_HM_V1.0_index.md,Slide 1 封面/标题页; Slide 10 无诊断逻辑页
/Users/mac/Desktop/未命名文件夹 2/新建文件夹/抽屉蒸箱_V1.0.pptx,26,2,24,24,BSH_DSTM_V1.0_index.md,Slide 1 封面/标题页; Slide 26 版本记录页
/Users/mac/Desktop/未命名文件夹 2/新建文件夹/料理机 V _1.0.pptx,12,4,8,5,BSH_BLD_V1.0_index.md,Slide 1 封面/标题页; Slide 2 无诊断逻辑页; Slide 11 无诊断逻辑页; Slide 12 无诊断逻辑页
/Users/mac/Desktop/未命名文件夹 2/新建文件夹/暖碟抽屉V_1.0.pptx,7,1,6,2,BSH_WDW2_V1.0_index.md,Slide 1 封面/标题页
/Users/mac/Desktop/未命名文件夹 2/新建文件夹/消毒柜故障树_V1.0.pptx,14,3,11,11,BSH_DCAB_V1.0_index.md,Slide 1 封面/标题页; Slide 2 无诊断逻辑页; Slide 14 无诊断逻辑页
/Users/mac/Desktop/未命名文件夹 2/新建文件夹/电热水器_V1.0.pptx,17,2,15,14,BSH_EWH_V1.0_index.md,Slide 1 封面/标题页; Slide 17 版本记录页
/Users/mac/Desktop/未命名文件夹 2/新建文件夹/种植机V_1.0.pptx,5,2,3,3,BSH_PLT_V1.0_index.md,Slide 1 封面/标题页; Slide 2 无诊断逻辑页
